reporting_period,product_name,revenue_at_historical_price
2024-03,24 Mantra Basmati Rice 5kg,41261.30
2024-03,24 Mantra Chana Dal 1kg,23509.77
2024-03,24 Mantra Chana Dal 5kg,53275.74
2024-03,24 Mantra Poha 10kg,129126.02
2024-03,24 Mantra Poha 5kg,100373.76
2024-03,24 Mantra Sona Masoori Rice 10kg,72502.46
2024-03,24 Mantra Sona Masoori Rice 5kg,115711.18
2024-03,24 Mantra Toor Dal 10kg,233402.40
2024-03,24 Mantra Whole Wheat Atta 1kg,193116.44
2024-03,Aachi Chilli Powder 100g,3624.50
2024-03,Aachi Chilli Powder 200g,34197.90
2024-03,Aachi Chilli Powder 50g,8919.55
2024-03,Aachi Coriander Powder 200g,30186.90
2024-03,Aachi Coriander Powder 50g,21946.47
2024-03,Aachi Sambar Powder 100g,23469.15
2024-03,Aachi Sambar Powder 500g,83440.83
2024-03,Aachi Sambar Powder 50g,4706.10
2024-03,Aachi Turmeric Powder 500g,25767.55
2024-03,Aachi Turmeric Powder 50g,23576.75
2024-03,Aashirvaad Basmati Rice 10kg,62801.40
2024-03,Aashirvaad Basmati Rice 5kg,13314.22
2024-03,Aashirvaad Chana Dal 10kg,162834.00
2024-03,Aashirvaad Chana Dal 1kg,190920.59
2024-03,Aashirvaad Poha 5kg,196936.00
2024-03,Aashirvaad Sona Masoori Rice 10kg,337074.15
2024-03,Aashirvaad Sona Masoori Rice 1kg,102271.20
2024-03,Aashirvaad Toor Dal 10kg,215941.14
2024-03,Aashirvaad Toor Dal 1kg,297185.37
2024-03,Aashirvaad Whole Wheat Atta 10kg,56647.35
2024-03,Aashirvaad Whole Wheat Atta 1kg,364589.62
2024-03,Aashirvaad Whole Wheat Atta 5kg,97332.48
2024-03,Amul Butter 200g,48351.72
2024-03,Amul Butter 500g,118184.87
2024-03,Amul Cheese Slices 1L,50202.46
2024-03,Amul Cheese Slices 200g,17744.38
2024-03,Amul Cheese Slices 500g,25272.03
2024-03,Amul Choco Candy Pack 25g,16368.75
2024-03,Amul Choco Candy Pack 50g,14619.48
2024-03,Amul Choco Candy Pack Pack of 10,16748.90
2024-03,Amul Choco Chewing Gum 25g,39285.40
2024-03,Amul Choco Chewing Gum Pack of 10,16943.31
2024-03,Amul Choco Milk Chocolate 100g,29424.46
2024-03,Amul Choco Milk Chocolate 25g,21984.56
2024-03,Amul Choco Milk Chocolate 50g,69192.24
2024-03,Amul Choco Milk Chocolate Pack of 10,76726.14
2024-03,Amul Curd 1L,22430.10
2024-03,Amul Curd 500ml,133427.77
2024-03,Amul Ghee 1L,9608.20
2024-03,Amul Ghee 200g,3435.21
2024-03,Amul Ghee 200ml,32439.00
2024-03,Amul Ghee 500ml,10858.40
2024-03,Amul Paneer 1L,18753.17
2024-03,Amul Paneer 200g,91311.30
2024-03,Amul Paneer 500g,49447.60
2024-03,Amul Toned Milk 1L,49912.80
2024-03,Anmol Cookies 150g,875.60
2024-03,Anmol Cookies 400g,1257.83
2024-03,Anmol Cream Biscuit 100g,5186.10
2024-03,Anmol Cream Biscuit 150g,4499.78
2024-03,Anmol Cream Biscuit 250g,16720.89
2024-03,Anmol Cream Biscuit 400g,1479.08
2024-03,Anmol Cream Biscuit 60g,8679.31
2024-03,Anmol Glucose Biscuit 100g,985.05
2024-03,Anmol Glucose Biscuit 250g,8179.50
2024-03,Anmol Khakhra 60g,5908.80
2024-03,Anmol Namkeen Mix 150g,11820.94
2024-03,Anmol Namkeen Mix 60g,10425.60
2024-03,Bikano Cookies 250g,12593.00
2024-03,Bikano Cookies 400g,8240.15
2024-03,Bikano Cookies 60g,7753.90
2024-03,Bikano Glucose Biscuit 250g,20627.28
2024-03,Bikano Khakhra 100g,7810.05
2024-03,Bikano Khakhra 400g,17375.19
2024-03,Bikano Marie Gold 60g,4309.60
2024-03,Bikano Namkeen Mix 100g,2761.05
2024-03,Bikano Namkeen Mix 150g,1674.75
2024-03,Bikano Namkeen Mix 250g,8851.90
2024-03,Bikano Namkeen Mix 400g,12296.20
2024-03,Bisleri Cola 250g,30429.63
2024-03,Bisleri Cola 2L,12332.16
2024-03,Bisleri Cola 500g,6722.20
2024-03,Bisleri Instant Coffee 2L,36269.64
2024-03,Bisleri Mango Juice 250g,45762.83
2024-03,Bisleri Mineral Water 1L,50289.75
2024-03,Bisleri Mineral Water 2L,67118.26
2024-03,Bisleri Mineral Water 600ml,13332.48
2024-03,Bisleri Soda 1L,31396.74
2024-03,Bisleri Soda 500g,51266.91
2024-03,Bisleri Tea Leaf 1L,2229.45
2024-03,Bisleri Tea Leaf 250g,25849.35
2024-03,Bisleri Tea Leaf 500g,20370.00
2024-03,Britannia Cookies 150g,1338.40
2024-03,Britannia Cream Biscuit 60g,7431.45
2024-03,Britannia Glucose Biscuit 100g,10624.44
2024-03,Britannia Glucose Biscuit 250g,13509.09
2024-03,Britannia Glucose Biscuit 400g,2317.50
2024-03,Britannia Glucose Biscuit 60g,3961.60
2024-03,Britannia Khakhra 100g,13659.48
2024-03,Britannia Khakhra 250g,3932.81
2024-03,Britannia Khakhra 400g,992.48
2024-03,Britannia Marie Gold 400g,10729.35
2024-03,Bru Cola 600ml,8246.48
2024-03,Bru Mango Juice 250g,52001.42
2024-03,Bru Mango Juice 500g,33663.48
2024-03,Bru Mango Juice 600ml,3931.90
2024-03,Bru Mineral Water 250g,55232.87
2024-03,Bru Mineral Water 500g,22195.46
2024-03,Bru Soda 2L,45265.92
2024-03,Bru Soda 500g,6870.10
2024-03,Bru Soda 600ml,22419.74
2024-03,Cadbury Candy Pack 25g,71963.16
2024-03,Cadbury Candy Pack 50g,53402.04
2024-03,Cadbury Candy Pack Pack of 10,16804.24
2024-03,Cadbury Chewing Gum 25g,31230.63
2024-03,Cadbury Chewing Gum 50g,41048.41
2024-03,Cadbury Dark Chocolate 100g,55894.74
2024-03,Cadbury Dark Chocolate 25g,27462.48
2024-03,Cadbury Dark Chocolate 50g,24770.45
2024-03,Cadbury Milk Chocolate 25g,19282.80
2024-03,Cadbury Milk Chocolate 50g,47650.23
2024-03,Cadbury Milk Chocolate Pack of 10,24782.50
2024-03,Camlin A4 Paper Ream 1 pc,6102.69
2024-03,Camlin A4 Paper Ream 500 sheets,25450.50
2024-03,Camlin Ball Pen Pack of 5,89976.62
2024-03,Camlin Notebook 500 sheets,85558.89
2024-03,Camlin Notebook Pack of 5,59405.25
2024-03,Camlin Pencil Box 1 pc,38511.53
2024-03,Camlin Pencil Box 500 sheets,11888.24
2024-03,Camlin Pencil Box Pack of 5,66524.42
2024-03,Catch Chilli Powder 200g,34708.00
2024-03,Catch Chilli Powder 500g,7303.80
2024-03,Catch Coriander Powder 200g,6507.60
2024-03,Catch Coriander Powder 500g,19210.31
2024-03,Catch Garam Masala 100g,5669.55
2024-03,Catch Sambar Powder 100g,48456.92
2024-03,Catch Sambar Powder 200g,43958.80
2024-03,Catch Sambar Powder 500g,4870.32
2024-03,Catch Sambar Powder 50g,38529.65
2024-03,Catch Turmeric Powder 200g,26873.55
2024-03,Catch Turmeric Powder 500g,53862.56
2024-03,Cello A4 Paper Ream 1 pc,43333.61
2024-03,Cello A4 Paper Ream 500 sheets,38485.72
2024-03,Cello A4 Paper Ream Pack of 5,54759.15
2024-03,Cello Ball Pen 1 pc,48138.11
2024-03,Cello Ball Pen 500 sheets,18474.30
2024-03,Cello Ball Pen Pack of 5,38740.67
2024-03,Cello Notebook 1 pc,35429.13
2024-03,Cello Notebook 500 sheets,35992.30
2024-03,Cello Notebook Pack of 5,63097.32
2024-03,Cello Pencil Box 1 pc,30955.98
2024-03,Cello Pencil Box 500 sheets,60257.96
2024-03,Cello Pencil Box Pack of 5,98882.41
2024-03,Classmate A4 Paper Ream 500 sheets,33682.95
2024-03,Classmate A4 Paper Ream Pack of 5,28477.01
2024-03,Classmate Ball Pen 1 pc,81104.60
2024-03,Classmate Ball Pen 500 sheets,41799.80
2024-03,Classmate Ball Pen Pack of 5,71889.32
2024-03,Classmate Notebook 1 pc,49939.41
2024-03,Classmate Notebook 500 sheets,31397.56
2024-03,Classmate Notebook Pack of 5,115421.13
2024-03,Classmate Pencil Box 1 pc,26557.95
2024-03,Classmate Pencil Box 500 sheets,98349.90
2024-03,Classmate Pencil Box Pack of 5,17010.41
2024-03,Colgate Bathing Soap 75g,86035.25
2024-03,Colgate Body Lotion 180ml,6015.70
2024-03,Colgate Body Lotion 340ml,130168.59
2024-03,Colgate Body Lotion 75g,21326.85
2024-03,Colgate Face Wash 180ml,72641.25
2024-03,Colgate Face Wash 75g,12766.64
2024-03,Colgate Hair Oil 100g,47288.22
2024-03,Colgate Hair Oil 180ml,30342.60
2024-03,Colgate Shampoo 100g,120248.84
2024-03,Colgate Shampoo 180ml,122371.45
2024-03,Comfort Detergent Powder 1kg,17065.96
2024-03,Comfort Detergent Powder 200g,25266.80
2024-03,Comfort Detergent Powder 500ml,93093.41
2024-03,Comfort Dishwash Bar 1kg,4866.21
2024-03,Comfort Dishwash Bar 500g,54799.35
2024-03,Comfort Dishwash Bar 500ml,73713.80
2024-03,Comfort Fabric Conditioner 1kg,19947.70
2024-03,Comfort Fabric Conditioner 200g,36080.80
2024-03,Comfort Fabric Conditioner 500ml,118869.68
2024-03,Comfort Floor Cleaner 500g,57152.62
2024-03,Comfort Toilet Cleaner 200g,151912.52
2024-03,Comfort Toilet Cleaner 500ml,40188.96
2024-03,Daawat Basmati Rice 10kg,24080.88
2024-03,Daawat Basmati Rice 1kg,196107.42
2024-03,Daawat Basmati Rice 5kg,78500.16
2024-03,Daawat Chana Dal 10kg,92224.25
2024-03,Daawat Chana Dal 1kg,131271.75
2024-03,Daawat Chana Dal 5kg,185288.46
2024-03,Daawat Poha 10kg,300128.36
2024-03,Daawat Sona Masoori Rice 10kg,163796.34
2024-03,Daawat Sona Masoori Rice 1kg,401984.85
2024-03,Daawat Toor Dal 5kg,360920.53
2024-03,Daawat Whole Wheat Atta 1kg,33130.55
2024-03,Dhara Groundnut Oil 1L,375138.90
2024-03,Dhara Groundnut Oil 5L,76978.20
2024-03,Dhara Mustard Oil 1L,70315.82
2024-03,Dhara Mustard Oil 2L,182976.74
2024-03,Dhara Mustard Oil 5L,231133.32
2024-03,Dhara Rice Bran Oil 1L,92143.80
2024-03,Dhara Rice Bran Oil 5L,74234.11
2024-03,Dhara Sunflower Oil 1L,63116.56
2024-03,Dhara Sunflower Oil 2L,189122.15
2024-03,Dhara Sunflower Oil 5L,156351.75
2024-03,Dove Bathing Soap 180ml,7832.52
2024-03,Dove Bathing Soap 340ml,62644.14
2024-03,Dove Body Lotion 340ml,92723.95
2024-03,Dove Hair Oil 340ml,66702.55
2024-03,Dove Hair Oil 75g,72171.17
2024-03,Dove Toothpaste 100g,5264.56
2024-03,Dove Toothpaste 180ml,104527.45
2024-03,Eastern Chilli Powder 50g,32971.71
2024-03,Eastern Coriander Powder 100g,7443.70
2024-03,Eastern Coriander Powder 500g,35999.24
2024-03,Eastern Coriander Powder 50g,25995.65
2024-03,Eastern Garam Masala 200g,52779.26
2024-03,Eastern Garam Masala 500g,30216.36
2024-03,Eastern Sambar Powder 100g,28235.90
2024-03,Eastern Sambar Powder 200g,11937.24
2024-03,Eastern Sambar Powder 500g,6876.00
2024-03,Eastern Sambar Powder 50g,25482.55
2024-03,Eastern Turmeric Powder 100g,18083.25
2024-03,Eastern Turmeric Powder 200g,55766.88
2024-03,Eastern Turmeric Powder 500g,32663.36
2024-03,Eastern Turmeric Powder 50g,39701.88
2024-03,English Oven Muffin 6 pc,19523.79
2024-03,English Oven Muffin Pack of 2,29428.82
2024-03,English Oven Pav Bun 400g,40891.17
2024-03,English Oven Pav Bun 6 pc,50626.91
2024-03,English Oven Pav Bun Pack of 2,11881.90
2024-03,English Oven Rusk 400g,35568.35
2024-03,English Oven Rusk 6 pc,17118.30
2024-03,English Oven Rusk Pack of 2,6782.10
2024-03,English Oven Sandwich Bread 400g,32911.38
2024-03,English Oven Sandwich Bread Pack of 2,13535.71
2024-03,Everest Chilli Powder 100g,28056.36
2024-03,Everest Chilli Powder 200g,33746.58
2024-03,Everest Chilli Powder 50g,19075.14
2024-03,Everest Coriander Powder 500g,10788.38
2024-03,Everest Coriander Powder 50g,46138.98
2024-03,Everest Garam Masala 200g,28922.40
2024-03,Everest Garam Masala 500g,52770.31
2024-03,Everest Garam Masala 50g,4404.75
2024-03,Everest Sambar Powder 100g,51209.10
2024-03,Everest Sambar Powder 200g,58449.06
2024-03,Everest Sambar Powder 50g,25618.95
2024-03,Everest Turmeric Powder 200g,16555.40
2024-03,Farm Fresh Apple 1kg,38422.99
2024-03,Farm Fresh Apple 500g,14332.70
2024-03,Farm Fresh Apple Loose,80026.63
2024-03,Farm Fresh Banana 1kg,26682.64
2024-03,Farm Fresh Banana 500g,26474.46
2024-03,Farm Fresh Banana Loose,32226.51
2024-03,Farm Fresh Carrot 500g,18871.56
2024-03,Farm Fresh Onion 1kg,14068.60
2024-03,Farm Fresh Onion 500g,13193.26
2024-03,Farm Fresh Onion Loose,10911.00
2024-03,Farm Fresh Potato 1kg,27322.50
2024-03,Farm Fresh Potato 500g,40002.42
2024-03,Farm Fresh Tomato 1kg,18653.88
2024-03,Farm Fresh Tomato 500g,15646.24
2024-03,Farm Fresh Tomato Loose,29784.74
2024-03,Fortune Basmati Rice 10kg,157533.00
2024-03,Fortune Basmati Rice 1kg,193821.40
2024-03,Fortune Chana Dal 5kg,139649.40
2024-03,Fortune Groundnut Oil 5L,23314.50
2024-03,Fortune Mustard Oil 2L,73040.36
2024-03,Fortune Mustard Oil 5L,132092.01
2024-03,Fortune Poha 1kg,27573.91
2024-03,Fortune Poha 5kg,144587.30
2024-03,Fortune Rice Bran Oil 2L,63893.28
2024-03,Fortune Rice Bran Oil 5L,99310.54
2024-03,Fortune Sona Masoori Rice 1kg,330828.93
2024-03,Fortune Sunflower Oil 2L,16762.62
2024-03,Fortune Sunflower Oil 5L,140709.38
2024-03,Fortune Toor Dal 10kg,245753.70
2024-03,Fortune Toor Dal 5kg,180741.10
2024-03,Fortune Whole Wheat Atta 1kg,84664.64
2024-03,Fortune Whole Wheat Atta 5kg,28142.40
2024-03,Gold Winner Groundnut Oil 1L,127894.64
2024-03,Gold Winner Groundnut Oil 2L,118304.33
2024-03,Gold Winner Groundnut Oil 5L,254680.11
2024-03,Gold Winner Mustard Oil 1L,197990.78
2024-03,Gold Winner Mustard Oil 2L,82488.56
2024-03,Gold Winner Mustard Oil 5L,94212.91
2024-03,Gold Winner Rice Bran Oil 1L,427379.92
2024-03,Gold Winner Rice Bran Oil 2L,138876.00
2024-03,Gold Winner Sunflower Oil 1L,73797.36
2024-03,Gold Winner Sunflower Oil 2L,80318.52
2024-03,Harpic Detergent Powder 1kg,24114.00
2024-03,Harpic Detergent Powder 200g,13412.60
2024-03,Harpic Dishwash Bar 1kg,39466.70
2024-03,Harpic Dishwash Bar 200g,45481.96
2024-03,Harpic Dishwash Bar 500g,46216.00
2024-03,Harpic Fabric Conditioner 1kg,6258.44
2024-03,Harpic Fabric Conditioner 200g,57452.88
2024-03,Harpic Fabric Conditioner 500g,96561.17
2024-03,Harpic Fabric Conditioner 500ml,132374.50
2024-03,Harpic Floor Cleaner 200g,29866.62
2024-03,Harpic Floor Cleaner 500ml,18894.26
2024-03,Harpic Toilet Cleaner 1kg,66426.40
2024-03,Harvest Gold Muffin 400g,15339.85
2024-03,Harvest Gold Muffin 6 pc,8321.65
2024-03,Harvest Gold Muffin Pack of 2,7783.60
2024-03,Harvest Gold Pav Bun 400g,11235.84
2024-03,Harvest Gold Pav Bun 6 pc,9263.94
2024-03,Harvest Gold Pav Bun Pack of 2,27311.35
2024-03,Harvest Gold Rusk 400g,5155.08
2024-03,Harvest Gold Rusk 6 pc,15410.31
2024-03,Harvest Gold Rusk Pack of 2,28021.41
2024-03,Harvest Gold Sandwich Bread 6 pc,43567.73
2024-03,Harvest Gold Sandwich Bread Pack of 2,20168.88
2024-03,Heritage Butter 1L,7814.25
2024-03,Heritage Butter 200g,25092.90
2024-03,Heritage Cheese Slices 200g,15188.48
2024-03,Heritage Cheese Slices 200ml,2274.70
2024-03,Heritage Cheese Slices 500g,45317.70
2024-03,Heritage Cheese Slices 500ml,21404.90
2024-03,Heritage Curd 1L,34798.35
2024-03,Heritage Ghee 1L,24118.49
2024-03,Heritage Ghee 500g,59457.44
2024-03,Heritage Ghee 500ml,20863.56
2024-03,Heritage Paneer 1L,12850.70
2024-03,Heritage Paneer 200ml,25560.60
2024-03,Heritage Toned Milk 200g,46586.40
2024-03,Heritage Toned Milk 500g,36828.80
2024-03,Himalaya Bathing Soap 75g,75789.59
2024-03,Himalaya Body Lotion 100g,95537.84
2024-03,Himalaya Body Lotion 180ml,19955.10
2024-03,Himalaya Face Wash 340ml,67615.81
2024-03,Himalaya Face Wash 75g,37441.15
2024-03,Himalaya Hair Oil 340ml,141156.90
2024-03,Himalaya Shampoo 180ml,37614.78
2024-03,Himalaya Toothpaste 100g,100073.42
2024-03,Himalaya Toothpaste 180ml,74656.90
2024-03,Himalaya Toothpaste 340ml,45157.26
2024-03,Himalaya Toothpaste 75g,65979.26
2024-03,Huggies Baby Powder Medium,241549.57
2024-03,Huggies Baby Powder Small,184659.68
2024-03,Huggies Baby Soap Large,96782.96
2024-03,Huggies Baby Soap Medium,53151.15
2024-03,Huggies Baby Wipes Large,85201.32
2024-03,Huggies Baby Wipes Small,82397.30
2024-03,Huggies Baby Wipes XL,141032.22
2024-03,Huggies Diapers Small,569570.11
2024-03,ITC Master Chef French Fries 400g,23193.45
2024-03,ITC Master Chef Frozen Peas 1kg,94076.34
2024-03,ITC Master Chef Frozen Peas 200g,62570.10
2024-03,ITC Master Chef Frozen Peas 400g,37400.23
2024-03,ITC Master Chef Idli Batter 1kg,23557.23
2024-03,ITC Master Chef Idli Batter 200g,42906.68
2024-03,ITC Master Chef Idli Batter 400g,34435.95
2024-03,ITC Master Chef Ready Paratha 1kg,20276.10
2024-03,ITC Master Chef Ready Paratha 200g,11928.90
2024-03,ITC Master Chef Ready Paratha 400g,84314.12
2024-03,India Gate Basmati Rice 5kg,217725.18
2024-03,India Gate Chana Dal 10kg,85274.96
2024-03,India Gate Chana Dal 5kg,118663.66
2024-03,India Gate Poha 10kg,135638.98
2024-03,India Gate Sona Masoori Rice 1kg,82488.58
2024-03,India Gate Toor Dal 10kg,98406.40
2024-03,India Gate Toor Dal 1kg,82583.67
2024-03,India Gate Toor Dal 5kg,96681.20
2024-03,India Gate Whole Wheat Atta 10kg,77134.64
2024-03,India Gate Whole Wheat Atta 1kg,151082.41
2024-03,India Gate Whole Wheat Atta 5kg,226289.25
2024-03,Johnson's Baby Powder Large,152778.95
2024-03,Johnson's Baby Powder Small,116236.19
2024-03,Johnson's Baby Powder XL,81583.68
2024-03,Johnson's Baby Soap Large,59214.87
2024-03,Johnson's Baby Soap Small,60259.38
2024-03,Johnson's Baby Wipes Large,57762.54
2024-03,Johnson's Baby Wipes Medium,140692.84
2024-03,Johnson's Baby Wipes Small,61290.14
2024-03,Johnson's Diapers Large,112891.20
2024-03,Lizol Detergent Powder 200g,81062.06
2024-03,Lizol Detergent Powder 500g,13275.30
2024-03,Lizol Dishwash Bar 500ml,57165.35
2024-03,Lizol Fabric Conditioner 200g,10194.90
2024-03,Lizol Fabric Conditioner 500ml,25626.60
2024-03,Lizol Floor Cleaner 200g,34969.65
2024-03,Lizol Floor Cleaner 500ml,83644.83
2024-03,Lizol Toilet Cleaner 200g,6894.25
2024-03,Local Bakery Muffin 400g,37643.92
2024-03,Local Bakery Muffin Pack of 2,20623.32
2024-03,Local Bakery Pav Bun 400g,34174.68
2024-03,Local Bakery Pav Bun 6 pc,24932.17
2024-03,Local Bakery Pav Bun Pack of 2,44048.08
2024-03,Local Bakery Rusk 400g,35378.92
2024-03,Local Bakery Rusk 6 pc,39370.02
2024-03,Local Bakery Rusk Pack of 2,47855.70
2024-03,Local Bakery Sandwich Bread 400g,2834.65
2024-03,Local Bakery Sandwich Bread 6 pc,16069.16
2024-03,Local Bakery Sandwich Bread Pack of 2,24693.78
2024-03,Local Mandi Apple 1kg,37306.38
2024-03,Local Mandi Apple 500g,75104.36
2024-03,Local Mandi Apple Loose,47126.77
2024-03,Local Mandi Banana 1kg,28465.86
2024-03,Local Mandi Banana 500g,9379.72
2024-03,Local Mandi Banana Loose,21999.00
2024-03,Local Mandi Carrot 500g,19716.30
2024-03,Local Mandi Carrot Loose,19452.07
2024-03,Local Mandi Onion 1kg,27982.51
2024-03,Local Mandi Onion 500g,41306.95
2024-03,Local Mandi Onion Loose,14631.30
2024-03,Local Mandi Potato 1kg,47423.87
2024-03,Local Mandi Potato 500g,13671.84
2024-03,Local Mandi Potato Loose,20255.30
2024-03,Local Mandi Tomato 1kg,18651.80
2024-03,Local Mandi Tomato 500g,12568.19
2024-03,Local Mandi Tomato Loose,1596.00
2024-03,MDH Chilli Powder 500g,30947.91
2024-03,MDH Garam Masala 500g,45345.08
2024-03,MDH Garam Masala 50g,28805.92
2024-03,MDH Sambar Powder 100g,63080.94
2024-03,MDH Sambar Powder 200g,6182.46
2024-03,MDH Sambar Powder 500g,25849.95
2024-03,MDH Turmeric Powder 500g,7081.10
2024-03,Mamaearth Bathing Soap 340ml,51047.56
2024-03,Mamaearth Body Lotion 100g,55118.75
2024-03,Mamaearth Body Lotion 75g,48202.24
2024-03,Mamaearth Face Wash 100g,141693.85
2024-03,Mamaearth Hair Oil 100g,10026.30
2024-03,Mamaearth Toothpaste 75g,46880.05
2024-03,Mamypoko Baby Powder Large,20861.02
2024-03,Mamypoko Baby Powder Medium,176243.78
2024-03,Mamypoko Baby Powder Small,110848.50
2024-03,Mamypoko Baby Powder XL,100510.92
2024-03,Mamypoko Baby Soap Large,115727.70
2024-03,Mamypoko Baby Soap Small,74263.00
2024-03,Mamypoko Baby Soap XL,181346.95
2024-03,Mamypoko Baby Wipes Large,319446.96
2024-03,Mamypoko Baby Wipes Medium,350195.49
2024-03,Mamypoko Baby Wipes Small,270933.50
2024-03,Mamypoko Baby Wipes XL,337199.42
2024-03,Mamypoko Diapers Large,187573.67
2024-03,Mamypoko Diapers Medium,349086.16
2024-03,Mamypoko Diapers Small,14154.00
2024-03,Mamypoko Diapers XL,313765.02
2024-03,McCain French Fries 1kg,56581.74
2024-03,McCain French Fries 200g,88974.62
2024-03,McCain French Fries 400g,61110.31
2024-03,McCain Frozen Peas 1kg,77023.51
2024-03,McCain Frozen Peas 200g,55095.34
2024-03,McCain Idli Batter 1kg,78183.08
2024-03,McCain Idli Batter 200g,78619.05
2024-03,McCain Idli Batter 400g,24285.52
2024-03,McCain Ready Paratha 1kg,180443.77
2024-03,McCain Ready Paratha 200g,29473.10
2024-03,McCain Ready Paratha 400g,48271.60
2024-03,Milky Mist Butter 200g,101580.60
2024-03,Milky Mist Butter 500g,11287.98
2024-03,Milky Mist Cheese Slices 200ml,62747.88
2024-03,Milky Mist Cheese Slices 500g,116275.29
2024-03,Milky Mist Cheese Slices 500ml,8975.75
2024-03,Milky Mist Curd 200ml,35048.85
2024-03,Milky Mist Ghee 200g,50943.34
2024-03,Milky Mist Ghee 200ml,70914.18
2024-03,Milky Mist Ghee 500g,123596.99
2024-03,Milky Mist Ghee 500ml,35525.42
2024-03,Milky Mist Paneer 200ml,21145.30
2024-03,Milky Mist Paneer 500ml,44945.00
2024-03,Milky Mist Toned Milk 200g,22654.85
2024-03,Milky Mist Toned Milk 200ml,73017.95
2024-03,Modern Muffin 400g,4832.10
2024-03,Modern Muffin 6 pc,6200.65
2024-03,Modern Muffin Pack of 2,22174.18
2024-03,Modern Pav Bun 400g,19843.56
2024-03,Modern Pav Bun 6 pc,26624.96
2024-03,Modern Rusk 400g,41913.35
2024-03,Modern Rusk 6 pc,30735.45
2024-03,Modern Rusk Pack of 2,26741.50
2024-03,Modern Sandwich Bread 400g,35323.15
2024-03,Modern Sandwich Bread Pack of 2,7387.91
2024-03,Mother Dairy Butter 200ml,141165.03
2024-03,Mother Dairy Butter 500g,43450.51
2024-03,Mother Dairy Cheese Slices 200g,46053.05
2024-03,Mother Dairy Cheese Slices 200ml,21899.40
2024-03,Mother Dairy Curd 200ml,3798.54
2024-03,Mother Dairy Curd 500ml,5911.80
2024-03,Mother Dairy Ghee 200g,39864.46
2024-03,Mother Dairy Ghee 500g,31249.86
2024-03,Mother Dairy Paneer 200g,11049.00
2024-03,Mother Dairy Paneer 500ml,61003.95
2024-03,Mother Dairy Toned Milk 1L,71178.36
2024-03,Mother Dairy Toned Milk 200ml,30517.16
2024-03,Nandini Butter 1L,76993.56
2024-03,Nandini Butter 200ml,66578.56
2024-03,Nandini Butter 500ml,3455.48
2024-03,Nandini Cheese Slices 1L,32430.60
2024-03,Nandini Cheese Slices 200g,44824.03
2024-03,Nandini Cheese Slices 500g,21486.72
2024-03,Nandini Curd 200g,38481.54
2024-03,Nandini Curd 200ml,10852.80
2024-03,Nandini Curd 500ml,4260.43
2024-03,Nandini Ghee 1L,78988.62
2024-03,Nandini Ghee 200ml,54636.30
2024-03,Nandini Ghee 500g,110885.63
2024-03,Nandini Ghee 500ml,32104.53
2024-03,Nandini Paneer 200ml,58067.55
2024-03,Nandini Toned Milk 1L,69176.65
2024-03,Nandini Toned Milk 500g,18704.40
2024-03,Nandini Toned Milk 500ml,40666.42
2024-03,Nataraj A4 Paper Ream 1 pc,24097.47
2024-03,Nataraj A4 Paper Ream 500 sheets,30502.20
2024-03,Nataraj A4 Paper Ream Pack of 5,33102.52
2024-03,Nataraj Ball Pen 1 pc,97439.24
2024-03,Nataraj Ball Pen 500 sheets,46700.93
2024-03,Nataraj Ball Pen Pack of 5,66952.24
2024-03,Nataraj Pencil Box 1 pc,49441.03
2024-03,Nataraj Pencil Box 500 sheets,101205.51
2024-03,Nataraj Pencil Box Pack of 5,16892.80
2024-03,Nestle Candy Pack 100g,29235.97
2024-03,Nestle Candy Pack 25g,56188.01
2024-03,Nestle Candy Pack Pack of 10,43955.21
2024-03,Nestle Chewing Gum 25g,11650.67
2024-03,Nestle Chewing Gum 50g,44489.33
2024-03,Nestle Dark Chocolate 100g,29211.79
2024-03,Nestle Dark Chocolate 25g,14254.14
2024-03,Nestle Dark Chocolate 50g,59000.76
2024-03,Nestle Dark Chocolate Pack of 10,4409.44
2024-03,Nestle Milk Chocolate 100g,37574.95
2024-03,Nestle Milk Chocolate 25g,20296.98
2024-03,Nestle Milk Chocolate 50g,12042.32
2024-03,Nestle Milk Chocolate Pack of 10,55319.22
2024-03,Nivea Bathing Soap 340ml,86540.30
2024-03,Nivea Bathing Soap 75g,87331.83
2024-03,Nivea Face Wash 340ml,122020.18
2024-03,Nivea Face Wash 75g,47438.36
2024-03,Nivea Hair Oil 100g,82606.65
2024-03,Nivea Shampoo 340ml,27407.32
2024-03,Nivea Toothpaste 340ml,50186.83
2024-03,Pampers Baby Powder Large,52970.19
2024-03,Pampers Baby Powder Medium,149106.76
2024-03,Pampers Baby Powder Small,341867.40
2024-03,Pampers Baby Powder XL,332551.72
2024-03,Pampers Baby Soap Large,98619.35
2024-03,Pampers Baby Soap Small,129973.26
2024-03,Pampers Baby Wipes Large,29393.46
2024-03,Pampers Baby Wipes Small,187808.64
2024-03,Pampers Baby Wipes XL,17928.07
2024-03,Pampers Diapers Large,228692.51
2024-03,Pampers Diapers Medium,214691.73
2024-03,Pampers Diapers Small,143889.57
2024-03,Pampers Diapers XL,77628.89
2024-03,Paper Boat Cola 250g,36433.42
2024-03,Paper Boat Instant Coffee 1L,22535.40
2024-03,Paper Boat Instant Coffee 2L,12290.70
2024-03,Paper Boat Mango Juice 1L,67329.00
2024-03,Paper Boat Mango Juice 250g,26375.36
2024-03,Paper Boat Mango Juice 2L,14362.83
2024-03,Paper Boat Mango Juice 600ml,22500.72
2024-03,Paper Boat Mineral Water 1L,57141.51
2024-03,Paper Boat Mineral Water 250g,43938.03
2024-03,Paper Boat Mineral Water 2L,60796.41
2024-03,Paper Boat Tea Leaf 1L,1652.40
2024-03,Paper Boat Tea Leaf 2L,26359.68
2024-03,Paper Boat Tea Leaf 500g,6604.40
2024-03,Paper Boat Tea Leaf 600ml,12875.46
2024-03,Parle Cookies 100g,11745.22
2024-03,Parle Cookies 150g,11241.42
2024-03,Parle Cookies 60g,17780.42
2024-03,Parle Cream Biscuit 150g,10011.75
2024-03,Parle Cream Biscuit 250g,2750.25
2024-03,Parle Cream Biscuit 60g,3219.86
2024-03,Parle Glucose Biscuit 150g,14068.44
2024-03,Parle Marie Gold 100g,8411.90
2024-03,Parle Marie Gold 60g,19352.41
2024-03,Parle Namkeen Mix 60g,10855.57
2024-03,Patanjali Bathing Soap 100g,36810.72
2024-03,Patanjali Body Lotion 100g,19777.45
2024-03,Patanjali Body Lotion 180ml,10711.30
2024-03,Patanjali Body Lotion 75g,35286.24
2024-03,Patanjali Face Wash 180ml,174007.26
2024-03,Patanjali Face Wash 340ml,29034.00
2024-03,Patanjali Hair Oil 100g,67168.94
2024-03,Patanjali Hair Oil 340ml,48113.60
2024-03,Patanjali Hair Oil 75g,33304.71
2024-03,Patanjali Toothpaste 75g,15480.06
2024-03,Perfetti Candy Pack 25g,18857.61
2024-03,Perfetti Candy Pack 50g,21687.66
2024-03,Perfetti Candy Pack Pack of 10,37571.88
2024-03,Perfetti Chewing Gum 100g,22726.08
2024-03,Perfetti Chewing Gum 25g,2868.36
2024-03,Perfetti Dark Chocolate 100g,11178.18
2024-03,Perfetti Dark Chocolate 25g,35065.51
2024-03,Perfetti Dark Chocolate 50g,25241.50
2024-03,Perfetti Dark Chocolate Pack of 10,18357.80
2024-03,Perfetti Milk Chocolate 100g,5345.20
2024-03,Perfetti Milk Chocolate 25g,26454.75
2024-03,Perfetti Milk Chocolate 50g,26160.22
2024-03,Perfetti Milk Chocolate Pack of 10,28065.95
2024-03,Real Cola 1L,15800.28
2024-03,Real Cola 250g,43469.39
2024-03,Real Instant Coffee 2L,26762.40
2024-03,Real Instant Coffee 500g,20784.03
2024-03,Real Instant Coffee 600ml,45939.52
2024-03,Real Mango Juice 1L,45293.16
2024-03,Real Mango Juice 2L,53222.85
2024-03,Real Mango Juice 500g,27592.32
2024-03,Real Mineral Water 1L,42928.12
2024-03,Real Mineral Water 600ml,39638.70
2024-03,Real Soda 600ml,16835.28
2024-03,Real Tea Leaf 1L,16278.10
2024-03,Real Tea Leaf 2L,18598.68
2024-03,Real Tea Leaf 600ml,16873.65
2024-03,Safal Apple 1kg,83945.30
2024-03,Safal Apple 500g,29100.32
2024-03,Safal Banana 1kg,9476.50
2024-03,Safal Banana 500g,21451.70
2024-03,Safal Banana Loose,63128.08
2024-03,Safal Carrot 500g,14893.88
2024-03,Safal Carrot Loose,34078.66
2024-03,Safal Onion 500g,34796.70
2024-03,Safal Onion Loose,29762.52
2024-03,Safal Potato 1kg,14765.61
2024-03,Safal Potato 500g,1742.69
2024-03,Safal Tomato Loose,16883.72
2024-03,Saffola Groundnut Oil 1L,103653.00
2024-03,Saffola Mustard Oil 1L,62240.10
2024-03,Saffola Mustard Oil 2L,325327.46
2024-03,Saffola Rice Bran Oil 2L,47890.15
2024-03,Saffola Rice Bran Oil 5L,338851.10
2024-03,Saffola Sunflower Oil 2L,89733.40
2024-03,Saffola Sunflower Oil 5L,183595.41
2024-03,Sumeru French Fries 1kg,21809.00
2024-03,Sumeru French Fries 400g,88971.89
2024-03,Sumeru Frozen Peas 1kg,113745.10
2024-03,Sumeru Frozen Peas 200g,120033.97
2024-03,Sumeru Frozen Peas 400g,35589.99
2024-03,Sumeru Idli Batter 400g,65878.11
2024-03,Sumeru Ready Paratha 1kg,115987.42
2024-03,Sumeru Ready Paratha 200g,14927.28
2024-03,Sumeru Ready Paratha 400g,28030.94
2024-03,Sundrop Groundnut Oil 1L,241980.79
2024-03,Sundrop Groundnut Oil 2L,357097.88
2024-03,Sundrop Mustard Oil 1L,126281.31
2024-03,Sundrop Mustard Oil 2L,67345.92
2024-03,Sundrop Mustard Oil 5L,81998.50
2024-03,Sundrop Rice Bran Oil 1L,78914.98
2024-03,Sundrop Rice Bran Oil 2L,82365.91
2024-03,Sundrop Rice Bran Oil 5L,403868.24
2024-03,Sundrop Sunflower Oil 1L,148619.22
2024-03,Sundrop Sunflower Oil 2L,87848.55
2024-03,Sundrop Sunflower Oil 5L,26212.62
2024-03,Sunfeast Cookies 150g,5602.55
2024-03,Sunfeast Cookies 400g,9009.99
2024-03,Sunfeast Cookies 60g,6934.94
2024-03,Sunfeast Cream Biscuit 150g,23834.66
2024-03,Sunfeast Glucose Biscuit 150g,7240.45
2024-03,Sunfeast Glucose Biscuit 250g,8461.85
2024-03,Sunfeast Khakhra 150g,10695.00
2024-03,Sunfeast Khakhra 250g,8568.92
2024-03,Sunfeast Khakhra 400g,8875.20
2024-03,Sunfeast Marie Gold 100g,20556.92
2024-03,Sunfeast Marie Gold 150g,8525.76
2024-03,Sunfeast Marie Gold 400g,4899.40
2024-03,Sunfeast Marie Gold 60g,2830.96
2024-03,Sunfeast Namkeen Mix 250g,8654.18
2024-03,Sunfeast Namkeen Mix 400g,4682.86
2024-03,Sunfeast Namkeen Mix 60g,7165.95
2024-03,Surf Excel Fabric Conditioner 500g,78780.56
2024-03,Surf Excel Fabric Conditioner 500ml,99770.72
2024-03,Surf Excel Floor Cleaner 1kg,7044.84
2024-03,Surf Excel Floor Cleaner 200g,66139.86
2024-03,Surf Excel Floor Cleaner 500g,44614.25
2024-03,Surf Excel Floor Cleaner 500ml,25551.46
2024-03,Surf Excel Toilet Cleaner 1kg,46817.28
2024-03,Surf Excel Toilet Cleaner 500g,44862.88
2024-03,Tata Tea Cola 1L,15758.40
2024-03,Tata Tea Cola 2L,8834.07
2024-03,Tata Tea Instant Coffee 2L,67340.31
2024-03,Tata Tea Mango Juice 2L,29356.70
2024-03,Tata Tea Mineral Water 2L,24871.20
2024-03,Tata Tea Soda 1L,29519.60
2024-03,Tata Tea Soda 500g,32563.65
2024-03,Tata Tea Tea Leaf 600ml,10697.28
2024-03,Thums Up Cola 250g,41506.75
2024-03,Thums Up Cola 600ml,53561.97
2024-03,Thums Up Instant Coffee 500g,24808.00
2024-03,Thums Up Instant Coffee 600ml,12307.73
2024-03,Thums Up Mango Juice 250g,11069.15
2024-03,Thums Up Mineral Water 1L,48311.55
2024-03,Thums Up Mineral Water 2L,40954.55
2024-03,Thums Up Mineral Water 600ml,36920.41
2024-03,Thums Up Soda 1L,30664.10
2024-03,Thums Up Tea Leaf 250g,43020.67
2024-03,Thums Up Tea Leaf 500g,23836.54
2024-03,Unibic Cookies 100g,4970.55
2024-03,Unibic Cookies 60g,11972.86
2024-03,Unibic Cream Biscuit 150g,4924.35
2024-03,Unibic Cream Biscuit 60g,1424.49
2024-03,Unibic Glucose Biscuit 150g,2595.30
2024-03,Unibic Glucose Biscuit 400g,4739.28
2024-03,Unibic Khakhra 150g,6443.85
2024-03,Unibic Khakhra 60g,13638.17
2024-03,Unibic Marie Gold 250g,9310.95
2024-03,Unibic Marie Gold 400g,2249.10
2024-03,Unibic Marie Gold 60g,12229.35
2024-03,Unibic Namkeen Mix 150g,10471.93
2024-03,Vim Detergent Powder 500g,76269.87
2024-03,Vim Detergent Powder 500ml,22280.70
2024-03,Vim Dishwash Bar 1kg,11777.22
2024-03,Vim Dishwash Bar 500g,26374.14
2024-03,Vim Dishwash Bar 500ml,25698.26
2024-03,Vim Fabric Conditioner 200g,26051.55
2024-03,Vim Toilet Cleaner 1kg,31760.40
2024-03,Vim Toilet Cleaner 500ml,57174.74
2024-03,iD Fresh French Fries 1kg,54680.18
2024-03,iD Fresh French Fries 200g,108015.91
2024-03,iD Fresh French Fries 400g,54155.41
2024-03,iD Fresh Frozen Peas 1kg,92776.80
2024-03,iD Fresh Frozen Peas 200g,6905.25
2024-03,iD Fresh Frozen Peas 400g,28032.18
2024-03,iD Fresh Idli Batter 1kg,20140.92
2024-03,iD Fresh Idli Batter 200g,23341.85
2024-03,iD Fresh Idli Batter 400g,41676.60
2024-03,iD Fresh Ready Paratha 1kg,36110.54
2024-03,iD Fresh Ready Paratha 200g,54177.30
2024-03,iD Fresh Ready Paratha 400g,20168.80
2024-11,24 Mantra Basmati Rice 5kg,70763.24
2024-11,24 Mantra Chana Dal 1kg,26303.01
2024-11,24 Mantra Chana Dal 5kg,51253.20
2024-11,24 Mantra Poha 10kg,129126.02
2024-11,24 Mantra Poha 5kg,197048.30
2024-11,24 Mantra Sona Masoori Rice 10kg,95185.53
2024-11,24 Mantra Sona Masoori Rice 5kg,168642.89
2024-11,24 Mantra Toor Dal 10kg,199893.50
2024-11,24 Mantra Whole Wheat Atta 1kg,264297.98
2024-11,Aachi Chilli Powder 100g,4140.32
2024-11,Aachi Chilli Powder 200g,41057.98
2024-11,Aachi Chilli Powder 50g,15564.54
2024-11,Aachi Coriander Powder 200g,45003.90
2024-11,Aachi Coriander Powder 50g,54964.05
2024-11,Aachi Sambar Powder 100g,26121.60
2024-11,Aachi Sambar Powder 500g,116081.61
2024-11,Aachi Sambar Powder 50g,6588.54
2024-11,Aachi Turmeric Powder 500g,28909.81
2024-11,Aachi Turmeric Powder 50g,34036.28
2024-11,Aashirvaad Basmati Rice 10kg,100706.22
2024-11,Aashirvaad Basmati Rice 5kg,20980.05
2024-11,Aashirvaad Chana Dal 10kg,126610.48
2024-11,Aashirvaad Chana Dal 1kg,175385.71
2024-11,Aashirvaad Poha 5kg,192800.40
2024-11,Aashirvaad Sona Masoori Rice 10kg,497564.53
2024-11,Aashirvaad Sona Masoori Rice 1kg,134379.60
2024-11,Aashirvaad Toor Dal 10kg,235753.35
2024-11,Aashirvaad Toor Dal 1kg,399640.58
2024-11,Aashirvaad Whole Wheat Atta 10kg,23311.68
2024-11,Aashirvaad Whole Wheat Atta 1kg,452950.31
2024-11,Aashirvaad Whole Wheat Atta 5kg,106572.90
2024-11,Amul Butter 200g,40399.76
2024-11,Amul Butter 500g,138567.24
2024-11,Amul Cheese Slices 1L,69668.72
2024-11,Amul Cheese Slices 200g,19443.31
2024-11,Amul Cheese Slices 500g,29332.48
2024-11,Amul Choco Candy Pack 25g,22849.68
2024-11,Amul Choco Candy Pack 50g,22225.28
2024-11,Amul Choco Candy Pack Pack of 10,20786.92
2024-11,Amul Choco Chewing Gum 25g,57089.06
2024-11,Amul Choco Chewing Gum 50g,5167.76
2024-11,Amul Choco Chewing Gum Pack of 10,24281.31
2024-11,Amul Choco Milk Chocolate 100g,30302.00
2024-11,Amul Choco Milk Chocolate 25g,35178.99
2024-11,Amul Choco Milk Chocolate 50g,83576.02
2024-11,Amul Choco Milk Chocolate Pack of 10,68530.02
2024-11,Amul Curd 1L,22480.70
2024-11,Amul Curd 500ml,150374.50
2024-11,Amul Ghee 1L,17030.73
2024-11,Amul Ghee 200g,4644.48
2024-11,Amul Ghee 200ml,30227.25
2024-11,Amul Ghee 500ml,12438.00
2024-11,Amul Paneer 1L,30388.92
2024-11,Amul Paneer 200g,118808.32
2024-11,Amul Paneer 500g,56842.75
2024-11,Amul Toned Milk 1L,38950.78
2024-11,Anmol Cookies 150g,1444.32
2024-11,Anmol Cookies 400g,1282.85
2024-11,Anmol Cream Biscuit 100g,5439.00
2024-11,Anmol Cream Biscuit 150g,7467.72
2024-11,Anmol Cream Biscuit 250g,24980.33
2024-11,Anmol Cream Biscuit 400g,1721.44
2024-11,Anmol Cream Biscuit 60g,10038.72
2024-11,Anmol Glucose Biscuit 100g,2292.64
2024-11,Anmol Glucose Biscuit 250g,9168.82
2024-11,Anmol Khakhra 60g,6195.51
2024-11,Anmol Namkeen Mix 150g,13336.81
2024-11,Anmol Namkeen Mix 60g,9794.89
2024-11,Bikano Cookies 250g,9283.38
2024-11,Bikano Cookies 400g,11244.53
2024-11,Bikano Cookies 60g,8664.48
2024-11,Bikano Glucose Biscuit 250g,22181.99
2024-11,Bikano Khakhra 100g,5829.80
2024-11,Bikano Khakhra 400g,21975.68
2024-11,Bikano Marie Gold 60g,7613.32
2024-11,Bikano Namkeen Mix 100g,5729.84
2024-11,Bikano Namkeen Mix 150g,2293.31
2024-11,Bikano Namkeen Mix 250g,15455.64
2024-11,Bikano Namkeen Mix 400g,15447.04
2024-11,Bisleri Cola 250g,41171.01
2024-11,Bisleri Cola 2L,20553.60
2024-11,Bisleri Cola 500g,7209.02
2024-11,Bisleri Mango Juice 250g,49612.04
2024-11,Bisleri Mineral Water 1L,64966.08
2024-11,Bisleri Mineral Water 2L,95464.44
2024-11,Bisleri Mineral Water 600ml,12499.20
2024-11,Bisleri Soda 1L,36237.24
2024-11,Bisleri Soda 500g,51906.93
2024-11,Bisleri Tea Leaf 1L,3406.80
2024-11,Bisleri Tea Leaf 250g,35648.11
2024-11,Britannia Cookies 150g,1948.36
2024-11,Britannia Cream Biscuit 60g,10822.01
2024-11,Britannia Glucose Biscuit 100g,15542.02
2024-11,Britannia Glucose Biscuit 250g,12279.40
2024-11,Britannia Glucose Biscuit 400g,5602.54
2024-11,Britannia Glucose Biscuit 60g,3895.20
2024-11,Britannia Khakhra 100g,13934.84
2024-11,Britannia Khakhra 250g,4674.80
2024-11,Britannia Khakhra 400g,1410.75
2024-11,Britannia Marie Gold 400g,15446.83
2024-11,Bru Cola 600ml,14222.88
2024-11,Bru Mango Juice 250g,47306.64
2024-11,Bru Mango Juice 500g,39943.98
2024-11,Bru Mango Juice 600ml,5905.12
2024-11,Bru Mineral Water 250g,55648.89
2024-11,Bru Mineral Water 500g,29412.46
2024-11,Bru Soda 2L,49509.60
2024-11,Bru Soda 500g,9012.21
2024-11,Bru Soda 600ml,25836.57
2024-11,Cadbury Candy Pack 25g,85743.17
2024-11,Cadbury Candy Pack 50g,60942.27
2024-11,Cadbury Candy Pack Pack of 10,17884.88
2024-11,Cadbury Chewing Gum 25g,29714.58
2024-11,Cadbury Chewing Gum 50g,63220.82
2024-11,Cadbury Dark Chocolate 100g,59309.93
2024-11,Cadbury Dark Chocolate 25g,32903.16
2024-11,Cadbury Dark Chocolate 50g,19615.70
2024-11,Cadbury Milk Chocolate 25g,21989.16
2024-11,Cadbury Milk Chocolate 50g,61633.20
2024-11,Cadbury Milk Chocolate Pack of 10,27488.32
2024-11,Camlin A4 Paper Ream 1 pc,8270.00
2024-11,Camlin A4 Paper Ream 500 sheets,27366.56
2024-11,Camlin A4 Paper Ream Pack of 5,28423.04
2024-11,Camlin Ball Pen Pack of 5,110735.76
2024-11,Camlin Notebook 500 sheets,100465.45
2024-11,Camlin Notebook Pack of 5,92440.43
2024-11,Camlin Pencil Box 1 pc,47462.38
2024-11,Camlin Pencil Box 500 sheets,16199.36
2024-11,Camlin Pencil Box Pack of 5,77820.41
2024-11,Catch Chilli Powder 200g,36617.85
2024-11,Catch Chilli Powder 500g,9912.30
2024-11,Catch Coriander Powder 200g,9737.05
2024-11,Catch Garam Masala 100g,6727.52
2024-11,Catch Sambar Powder 100g,20004.25
2024-11,Catch Sambar Powder 200g,37631.76
2024-11,Catch Sambar Powder 500g,7183.36
2024-11,Catch Turmeric Powder 200g,26635.06
2024-11,Catch Turmeric Powder 500g,70527.77
2024-11,Cello A4 Paper Ream 1 pc,53444.99
2024-11,Cello A4 Paper Ream 500 sheets,53438.52
2024-11,Cello A4 Paper Ream Pack of 5,65592.90
2024-11,Cello Ball Pen 1 pc,71477.74
2024-11,Cello Ball Pen 500 sheets,21498.02
2024-11,Cello Ball Pen Pack of 5,41699.82
2024-11,Cello Notebook 1 pc,44805.60
2024-11,Cello Notebook 500 sheets,59138.20
2024-11,Cello Notebook Pack of 5,96393.96
2024-11,Cello Pencil Box 1 pc,32281.82
2024-11,Cello Pencil Box 500 sheets,85945.54
2024-11,Cello Pencil Box Pack of 5,110189.88
2024-11,Classmate A4 Paper Ream 500 sheets,34487.10
2024-11,Classmate A4 Paper Ream Pack of 5,31797.21
2024-11,Classmate Ball Pen 1 pc,97379.76
2024-11,Classmate Ball Pen 500 sheets,41538.50
2024-11,Classmate Ball Pen Pack of 5,104996.62
2024-11,Classmate Notebook 1 pc,77346.81
2024-11,Classmate Notebook 500 sheets,35811.08
2024-11,Classmate Notebook Pack of 5,101173.83
2024-11,Classmate Pencil Box 1 pc,28595.60
2024-11,Classmate Pencil Box 500 sheets,118976.70
2024-11,Classmate Pencil Box Pack of 5,18322.65
2024-11,Colgate Bathing Soap 75g,111956.98
2024-11,Colgate Body Lotion 180ml,8288.37
2024-11,Colgate Body Lotion 340ml,138994.70
2024-11,Colgate Body Lotion 75g,28943.20
2024-11,Colgate Face Wash 180ml,54136.81
2024-11,Colgate Face Wash 75g,15958.82
2024-11,Colgate Hair Oil 100g,55362.28
2024-11,Colgate Hair Oil 180ml,33991.70
2024-11,Colgate Shampoo 100g,180056.29
2024-11,Colgate Shampoo 180ml,152946.62
2024-11,Colgate Shampoo 340ml,6213.00
2024-11,Comfort Detergent Powder 1kg,17731.03
2024-11,Comfort Detergent Powder 200g,32078.93
2024-11,Comfort Detergent Powder 500ml,159466.51
2024-11,Comfort Dishwash Bar 1kg,10248.84
2024-11,Comfort Dishwash Bar 500g,70157.50
2024-11,Comfort Dishwash Bar 500ml,69485.34
2024-11,Comfort Fabric Conditioner 1kg,25540.48
2024-11,Comfort Fabric Conditioner 200g,33503.60
2024-11,Comfort Fabric Conditioner 500ml,110617.29
2024-11,Comfort Floor Cleaner 500g,70276.56
2024-11,Comfort Toilet Cleaner 200g,187614.93
2024-11,Comfort Toilet Cleaner 500ml,51945.30
2024-11,Daawat Basmati Rice 10kg,29226.14
2024-11,Daawat Basmati Rice 1kg,373394.70
2024-11,Daawat Basmati Rice 5kg,111208.56
2024-11,Daawat Chana Dal 10kg,74774.40
2024-11,Daawat Chana Dal 1kg,199533.06
2024-11,Daawat Chana Dal 5kg,223696.01
2024-11,Daawat Poha 10kg,226119.10
2024-11,Daawat Sona Masoori Rice 10kg,138948.90
2024-11,Daawat Sona Masoori Rice 1kg,531191.28
2024-11,Daawat Toor Dal 5kg,405779.99
2024-11,Daawat Whole Wheat Atta 1kg,36652.17
2024-11,Dhara Groundnut Oil 1L,490058.66
2024-11,Dhara Groundnut Oil 5L,69280.38
2024-11,Dhara Mustard Oil 1L,87466.02
2024-11,Dhara Mustard Oil 2L,273468.26
2024-11,Dhara Mustard Oil 5L,315884.31
2024-11,Dhara Rice Bran Oil 1L,135940.94
2024-11,Dhara Rice Bran Oil 5L,108710.89
2024-11,Dhara Sunflower Oil 1L,61295.89
2024-11,Dhara Sunflower Oil 2L,217889.15
2024-11,Dhara Sunflower Oil 5L,164446.92
2024-11,Dove Bathing Soap 180ml,11462.85
2024-11,Dove Bathing Soap 340ml,86040.40
2024-11,Dove Body Lotion 340ml,118001.34
2024-11,Dove Hair Oil 340ml,83183.73
2024-11,Dove Hair Oil 75g,104755.21
2024-11,Dove Toothpaste 100g,74022.72
2024-11,Dove Toothpaste 180ml,116027.08
2024-11,Eastern Chilli Powder 50g,61018.11
2024-11,Eastern Coriander Powder 100g,9180.83
2024-11,Eastern Coriander Powder 500g,42339.01
2024-11,Eastern Coriander Powder 50g,39736.98
2024-11,Eastern Garam Masala 200g,59520.93
2024-11,Eastern Garam Masala 500g,47292.81
2024-11,Eastern Sambar Powder 100g,36014.08
2024-11,Eastern Sambar Powder 200g,11653.02
2024-11,Eastern Sambar Powder 500g,13298.57
2024-11,Eastern Sambar Powder 50g,27087.75
2024-11,Eastern Turmeric Powder 100g,17764.42
2024-11,Eastern Turmeric Powder 200g,62995.92
2024-11,Eastern Turmeric Powder 500g,37539.88
2024-11,Eastern Turmeric Powder 50g,56942.46
2024-11,English Oven Muffin 6 pc,22679.15
2024-11,English Oven Muffin Pack of 2,43090.95
2024-11,English Oven Pav Bun 400g,52218.01
2024-11,English Oven Pav Bun 6 pc,60380.86
2024-11,English Oven Pav Bun Pack of 2,16423.68
2024-11,English Oven Rusk 400g,42978.60
2024-11,English Oven Rusk 6 pc,28615.31
2024-11,English Oven Rusk Pack of 2,9677.50
2024-11,English Oven Sandwich Bread 400g,38261.70
2024-11,English Oven Sandwich Bread Pack of 2,21951.67
2024-11,Everest Chilli Powder 100g,21287.20
2024-11,Everest Chilli Powder 200g,49942.08
2024-11,Everest Chilli Powder 50g,26317.50
2024-11,Everest Coriander Powder 500g,12446.50
2024-11,Everest Coriander Powder 50g,49197.12
2024-11,Everest Garam Masala 200g,38750.40
2024-11,Everest Garam Masala 500g,60552.93
2024-11,Everest Garam Masala 50g,5077.25
2024-11,Everest Sambar Powder 100g,40394.48
2024-11,Everest Sambar Powder 200g,54095.92
2024-11,Everest Sambar Powder 50g,33551.73
2024-11,Everest Turmeric Powder 200g,26823.94
2024-11,Farm Fresh Apple 1kg,39354.86
2024-11,Farm Fresh Apple 500g,22882.96
2024-11,Farm Fresh Apple Loose,100632.66
2024-11,Farm Fresh Banana 1kg,30403.30
2024-11,Farm Fresh Banana 500g,32374.12
2024-11,Farm Fresh Banana Loose,31201.38
2024-11,Farm Fresh Carrot 1kg,16846.83
2024-11,Farm Fresh Carrot 500g,24160.76
2024-11,Farm Fresh Onion 1kg,25912.95
2024-11,Farm Fresh Onion 500g,21012.32
2024-11,Farm Fresh Onion Loose,24157.17
2024-11,Farm Fresh Potato 1kg,21569.55
2024-11,Farm Fresh Potato 500g,45222.39
2024-11,Farm Fresh Tomato 1kg,21966.10
2024-11,Farm Fresh Tomato 500g,16735.94
2024-11,Farm Fresh Tomato Loose,43572.00
2024-11,Fortune Basmati Rice 10kg,206666.41
2024-11,Fortune Basmati Rice 1kg,199240.04
2024-11,Fortune Chana Dal 5kg,160054.83
2024-11,Fortune Groundnut Oil 5L,27393.88
2024-11,Fortune Mustard Oil 2L,70959.36
2024-11,Fortune Mustard Oil 5L,170177.76
2024-11,Fortune Poha 1kg,41209.36
2024-11,Fortune Poha 5kg,172190.33
2024-11,Fortune Rice Bran Oil 2L,108539.54
2024-11,Fortune Rice Bran Oil 5L,125005.86
2024-11,Fortune Sona Masoori Rice 1kg,407998.59
2024-11,Fortune Sunflower Oil 2L,21479.04
2024-11,Fortune Sunflower Oil 5L,174561.44
2024-11,Fortune Toor Dal 10kg,248227.76
2024-11,Fortune Toor Dal 5kg,302135.80
2024-11,Fortune Whole Wheat Atta 1kg,122105.27
2024-11,Fortune Whole Wheat Atta 5kg,40735.20
2024-11,Gold Winner Groundnut Oil 1L,136699.42
2024-11,Gold Winner Groundnut Oil 2L,151101.57
2024-11,Gold Winner Groundnut Oil 5L,246139.97
2024-11,Gold Winner Mustard Oil 1L,243171.30
2024-11,Gold Winner Mustard Oil 2L,104280.48
2024-11,Gold Winner Mustard Oil 5L,156536.84
2024-11,Gold Winner Rice Bran Oil 1L,540013.32
2024-11,Gold Winner Rice Bran Oil 2L,212304.88
2024-11,Gold Winner Sunflower Oil 1L,102987.90
2024-11,Gold Winner Sunflower Oil 2L,108009.00
2024-11,Harpic Detergent Powder 1kg,18906.90
2024-11,Harpic Detergent Powder 200g,16070.05
2024-11,Harpic Dishwash Bar 1kg,54579.11
2024-11,Harpic Dishwash Bar 200g,52778.54
2024-11,Harpic Dishwash Bar 500g,54210.48
2024-11,Harpic Fabric Conditioner 1kg,6732.00
2024-11,Harpic Fabric Conditioner 200g,80047.02
2024-11,Harpic Fabric Conditioner 500g,82430.26
2024-11,Harpic Fabric Conditioner 500ml,165067.23
2024-11,Harpic Floor Cleaner 200g,46766.63
2024-11,Harpic Floor Cleaner 500ml,26746.42
2024-11,Harpic Toilet Cleaner 1kg,43978.77
2024-11,Harvest Gold Muffin 400g,14441.99
2024-11,Harvest Gold Muffin 6 pc,8920.31
2024-11,Harvest Gold Muffin Pack of 2,10974.00
2024-11,Harvest Gold Pav Bun 400g,13508.40
2024-11,Harvest Gold Pav Bun 6 pc,13045.14
2024-11,Harvest Gold Pav Bun Pack of 2,38611.11
2024-11,Harvest Gold Rusk 400g,7467.04
2024-11,Harvest Gold Rusk 6 pc,16845.62
2024-11,Harvest Gold Rusk Pack of 2,41782.84
2024-11,Harvest Gold Sandwich Bread 6 pc,63694.70
2024-11,Harvest Gold Sandwich Bread Pack of 2,20210.32
2024-11,Heritage Butter 1L,11212.04
2024-11,Heritage Butter 200g,25571.84
2024-11,Heritage Cheese Slices 200g,18510.96
2024-11,Heritage Cheese Slices 200ml,3433.22
2024-11,Heritage Cheese Slices 500g,65389.20
2024-11,Heritage Cheese Slices 500ml,24129.16
2024-11,Heritage Curd 1L,38174.40
2024-11,Heritage Ghee 1L,29856.02
2024-11,Heritage Ghee 500g,71906.90
2024-11,Heritage Ghee 500ml,20675.60
2024-11,Heritage Paneer 1L,12827.85
2024-11,Heritage Paneer 200ml,28204.80
2024-11,Heritage Toned Milk 200g,52394.51
2024-11,Heritage Toned Milk 500g,77081.60
2024-11,Himalaya Bathing Soap 75g,61875.84
2024-11,Himalaya Body Lotion 100g,105653.22
2024-11,Himalaya Body Lotion 180ml,24623.28
2024-11,Himalaya Face Wash 340ml,60476.40
2024-11,Himalaya Face Wash 75g,60110.79
2024-11,Himalaya Hair Oil 340ml,178240.12
2024-11,Himalaya Shampoo 180ml,42887.88
2024-11,Himalaya Toothpaste 100g,122506.99
2024-11,Himalaya Toothpaste 180ml,131898.62
2024-11,Himalaya Toothpaste 75g,116761.95
2024-11,Huggies Baby Powder Medium,275752.64
2024-11,Huggies Baby Powder Small,229943.92
2024-11,Huggies Baby Soap Large,136077.75
2024-11,Huggies Baby Soap Medium,75812.01
2024-11,Huggies Baby Wipes Large,132293.74
2024-11,Huggies Baby Wipes Small,90203.36
2024-11,Huggies Baby Wipes XL,204990.30
2024-11,Huggies Diapers Small,583708.60
2024-11,ITC Master Chef French Fries 400g,25731.24
2024-11,ITC Master Chef Frozen Peas 1kg,125472.17
2024-11,ITC Master Chef Frozen Peas 200g,85490.63
2024-11,ITC Master Chef Frozen Peas 400g,40000.87
2024-11,ITC Master Chef Idli Batter 1kg,21151.20
2024-11,ITC Master Chef Idli Batter 200g,45519.32
2024-11,ITC Master Chef Idli Batter 400g,44570.16
2024-11,ITC Master Chef Ready Paratha 1kg,36094.35
2024-11,ITC Master Chef Ready Paratha 200g,14523.60
2024-11,ITC Master Chef Ready Paratha 400g,120315.35
2024-11,India Gate Basmati Rice 5kg,230475.02
2024-11,India Gate Chana Dal 10kg,113056.57
2024-11,India Gate Chana Dal 5kg,158521.44
2024-11,India Gate Poha 10kg,213946.02
2024-11,India Gate Sona Masoori Rice 1kg,118845.00
2024-11,India Gate Toor Dal 10kg,127035.45
2024-11,India Gate Toor Dal 1kg,108825.21
2024-11,India Gate Toor Dal 5kg,187095.11
2024-11,India Gate Whole Wheat Atta 10kg,136707.10
2024-11,India Gate Whole Wheat Atta 1kg,197957.77
2024-11,India Gate Whole Wheat Atta 5kg,295454.42
2024-11,Johnson's Baby Powder Large,208920.33
2024-11,Johnson's Baby Powder Small,55063.26
2024-11,Johnson's Baby Powder XL,130869.69
2024-11,Johnson's Baby Soap Small,102981.92
2024-11,Johnson's Baby Wipes Large,51667.38
2024-11,Johnson's Baby Wipes Medium,141216.25
2024-11,Johnson's Baby Wipes Small,99547.72
2024-11,Johnson's Diapers Large,97411.70
2024-11,Lizol Detergent Powder 200g,81439.47
2024-11,Lizol Detergent Powder 500g,15231.66
2024-11,Lizol Dishwash Bar 500ml,54189.89
2024-11,Lizol Fabric Conditioner 200g,12846.66
2024-11,Lizol Fabric Conditioner 500ml,35038.54
2024-11,Lizol Floor Cleaner 200g,53258.75
2024-11,Lizol Floor Cleaner 500ml,114369.57
2024-11,Lizol Toilet Cleaner 200g,6568.73
2024-11,Local Bakery Muffin 400g,43119.97
2024-11,Local Bakery Muffin Pack of 2,26513.37
2024-11,Local Bakery Pav Bun 400g,49836.90
2024-11,Local Bakery Pav Bun 6 pc,33906.92
2024-11,Local Bakery Pav Bun Pack of 2,57063.28
2024-11,Local Bakery Rusk 400g,44751.50
2024-11,Local Bakery Rusk 6 pc,48715.32
2024-11,Local Bakery Rusk Pack of 2,62593.63
2024-11,Local Bakery Sandwich Bread 400g,5632.00
2024-11,Local Bakery Sandwich Bread 6 pc,17984.14
2024-11,Local Bakery Sandwich Bread Pack of 2,30880.19
2024-11,Local Mandi Apple 1kg,50950.57
2024-11,Local Mandi Apple 500g,99960.91
2024-11,Local Mandi Apple Loose,57624.05
2024-11,Local Mandi Banana 1kg,32122.50
2024-11,Local Mandi Banana 500g,8097.60
2024-11,Local Mandi Banana Loose,29665.80
2024-11,Local Mandi Carrot 500g,21254.22
2024-11,Local Mandi Carrot Loose,20994.51
2024-11,Local Mandi Onion 1kg,40407.96
2024-11,Local Mandi Onion 500g,45827.85
2024-11,Local Mandi Onion Loose,19670.97
2024-11,Local Mandi Potato 1kg,65083.30
2024-11,Local Mandi Potato 500g,17221.26
2024-11,Local Mandi Potato Loose,14376.62
2024-11,Local Mandi Tomato 1kg,17847.77
2024-11,Local Mandi Tomato 500g,13894.86
2024-11,Local Mandi Tomato Loose,2470.20
2024-11,MDH Chilli Powder 500g,27811.12
2024-11,MDH Garam Masala 500g,46023.24
2024-11,MDH Garam Masala 50g,51458.64
2024-11,MDH Sambar Powder 100g,73821.62
2024-11,MDH Sambar Powder 200g,9071.46
2024-11,MDH Sambar Powder 500g,33066.35
2024-11,MDH Turmeric Powder 500g,6264.05
2024-11,Mamaearth Bathing Soap 340ml,67607.02
2024-11,Mamaearth Body Lotion 100g,56502.18
2024-11,Mamaearth Body Lotion 75g,65441.32
2024-11,Mamaearth Face Wash 100g,141460.74
2024-11,Mamaearth Hair Oil 100g,12344.13
2024-11,Mamaearth Toothpaste 75g,52565.34
2024-11,Mamypoko Baby Powder Large,16083.40
2024-11,Mamypoko Baby Powder Medium,181248.34
2024-11,Mamypoko Baby Powder Small,130903.50
2024-11,Mamypoko Baby Powder XL,99851.11
2024-11,Mamypoko Baby Soap Large,106615.30
2024-11,Mamypoko Baby Soap Small,109742.48
2024-11,Mamypoko Baby Soap XL,299165.65
2024-11,Mamypoko Baby Wipes Large,290478.68
2024-11,Mamypoko Baby Wipes Medium,398553.52
2024-11,Mamypoko Baby Wipes Small,373173.08
2024-11,Mamypoko Baby Wipes XL,536001.54
2024-11,Mamypoko Diapers Large,174646.44
2024-11,Mamypoko Diapers Medium,380827.73
2024-11,Mamypoko Diapers Small,13187.90
2024-11,Mamypoko Diapers XL,269005.10
2024-11,McCain French Fries 1kg,64149.85
2024-11,McCain French Fries 200g,42052.70
2024-11,McCain French Fries 400g,78743.28
2024-11,McCain Frozen Peas 1kg,105315.12
2024-11,McCain Frozen Peas 200g,65915.82
2024-11,McCain Idli Batter 1kg,94913.87
2024-11,McCain Idli Batter 200g,113570.52
2024-11,McCain Idli Batter 400g,27617.80
2024-11,McCain Ready Paratha 1kg,237734.01
2024-11,McCain Ready Paratha 200g,41684.50
2024-11,McCain Ready Paratha 400g,64533.70
2024-11,Milky Mist Butter 200g,103206.20
2024-11,Milky Mist Cheese Slices 500g,128796.85
2024-11,Milky Mist Cheese Slices 500ml,8714.20
2024-11,Milky Mist Curd 200ml,33338.52
2024-11,Milky Mist Ghee 200g,60779.16
2024-11,Milky Mist Ghee 200ml,108870.07
2024-11,Milky Mist Ghee 500g,144354.05
2024-11,Milky Mist Ghee 500ml,62109.45
2024-11,Milky Mist Paneer 200ml,30393.64
2024-11,Milky Mist Paneer 500ml,79091.30
2024-11,Milky Mist Toned Milk 200g,41589.60
2024-11,Milky Mist Toned Milk 200ml,80037.03
2024-11,Modern Muffin 400g,7806.07
2024-11,Modern Muffin 6 pc,29587.29
2024-11,Modern Muffin Pack of 2,34128.30
2024-11,Modern Pav Bun 400g,31467.10
2024-11,Modern Pav Bun 6 pc,28163.81
2024-11,Modern Rusk 400g,63311.93
2024-11,Modern Rusk 6 pc,30816.45
2024-11,Modern Rusk Pack of 2,26285.09
2024-11,Modern Sandwich Bread 400g,43281.37
2024-11,Modern Sandwich Bread Pack of 2,9450.09
2024-11,Mother Dairy Butter 200ml,149454.81
2024-11,Mother Dairy Butter 500g,44825.60
2024-11,Mother Dairy Cheese Slices 200g,100503.90
2024-11,Mother Dairy Cheese Slices 200ml,32373.30
2024-11,Mother Dairy Cheese Slices 500g,56166.75
2024-11,Mother Dairy Curd 200ml,4768.38
2024-11,Mother Dairy Curd 500ml,58118.68
2024-11,Mother Dairy Ghee 200g,76632.09
2024-11,Mother Dairy Ghee 500g,41496.88
2024-11,Mother Dairy Paneer 200g,12255.00
2024-11,Mother Dairy Paneer 500ml,100290.25
2024-11,Mother Dairy Toned Milk 1L,72958.53
2024-11,Mother Dairy Toned Milk 200ml,34608.51
2024-11,Nandini Butter 1L,107369.46
2024-11,Nandini Butter 200ml,78157.44
2024-11,Nandini Butter 500ml,4730.16
2024-11,Nandini Cheese Slices 1L,56756.40
2024-11,Nandini Cheese Slices 200g,36287.92
2024-11,Nandini Cheese Slices 500g,28579.50
2024-11,Nandini Curd 200g,55208.75
2024-11,Nandini Curd 200ml,15832.95
2024-11,Nandini Curd 500ml,7606.95
2024-11,Nandini Ghee 1L,100661.01
2024-11,Nandini Ghee 200ml,75205.26
2024-11,Nandini Ghee 500g,137324.95
2024-11,Nandini Ghee 500ml,52126.71
2024-11,Nandini Paneer 200ml,67225.27
2024-11,Nandini Toned Milk 1L,103549.14
2024-11,Nandini Toned Milk 500g,24999.15
2024-11,Nandini Toned Milk 500ml,44086.96
2024-11,Nataraj A4 Paper Ream 1 pc,27393.30
2024-11,Nataraj A4 Paper Ream 500 sheets,36021.72
2024-11,Nataraj A4 Paper Ream Pack of 5,54057.10
2024-11,Nataraj Ball Pen 1 pc,81749.84
2024-11,Nataraj Ball Pen 500 sheets,61829.84
2024-11,Nataraj Ball Pen Pack of 5,59261.78
2024-11,Nataraj Notebook Pack of 5,22278.96
2024-11,Nataraj Pencil Box 1 pc,70981.22
2024-11,Nataraj Pencil Box 500 sheets,129814.18
2024-11,Nataraj Pencil Box Pack of 5,32334.40
2024-11,Nestle Candy Pack 100g,36199.30
2024-11,Nestle Candy Pack 25g,72148.64
2024-11,Nestle Candy Pack Pack of 10,38907.86
2024-11,Nestle Chewing Gum 25g,12735.90
2024-11,Nestle Chewing Gum 50g,65102.28
2024-11,Nestle Dark Chocolate 100g,33623.87
2024-11,Nestle Dark Chocolate 25g,30091.70
2024-11,Nestle Dark Chocolate 50g,70889.66
2024-11,Nestle Dark Chocolate Pack of 10,3417.84
2024-11,Nestle Milk Chocolate 100g,49920.70
2024-11,Nestle Milk Chocolate 25g,22066.72
2024-11,Nestle Milk Chocolate 50g,13499.36
2024-11,Nestle Milk Chocolate Pack of 10,46974.34
2024-11,Nivea Bathing Soap 340ml,84470.11
2024-11,Nivea Bathing Soap 75g,114116.15
2024-11,Nivea Face Wash 340ml,184952.14
2024-11,Nivea Face Wash 75g,51860.58
2024-11,Nivea Hair Oil 100g,70508.65
2024-11,Nivea Shampoo 340ml,29913.85
2024-11,Nivea Toothpaste 340ml,70498.56
2024-11,Pampers Baby Powder Large,68805.28
2024-11,Pampers Baby Powder Medium,235137.34
2024-11,Pampers Baby Powder Small,410936.92
2024-11,Pampers Baby Powder XL,379797.58
2024-11,Pampers Baby Soap Large,156475.54
2024-11,Pampers Baby Soap Small,152239.58
2024-11,Pampers Baby Wipes Large,43849.26
2024-11,Pampers Baby Wipes Small,170340.52
2024-11,Pampers Baby Wipes XL,27014.90
2024-11,Pampers Diapers Large,313630.53
2024-11,Pampers Diapers Medium,239593.26
2024-11,Pampers Diapers Small,165394.81
2024-11,Pampers Diapers XL,114049.63
2024-11,Paper Boat Cola 250g,47743.30
2024-11,Paper Boat Instant Coffee 1L,29417.30
2024-11,Paper Boat Instant Coffee 2L,15377.73
2024-11,Paper Boat Mango Juice 1L,86375.09
2024-11,Paper Boat Mango Juice 250g,35366.96
2024-11,Paper Boat Mango Juice 2L,24180.80
2024-11,Paper Boat Mango Juice 600ml,26709.78
2024-11,Paper Boat Mineral Water 1L,55690.47
2024-11,Paper Boat Mineral Water 250g,56553.90
2024-11,Paper Boat Mineral Water 2L,61267.70
2024-11,Paper Boat Tea Leaf 2L,35021.03
2024-11,Paper Boat Tea Leaf 500g,11577.78
2024-11,Paper Boat Tea Leaf 600ml,20131.80
2024-11,Parle Cookies 100g,9354.60
2024-11,Parle Cookies 150g,11654.12
2024-11,Parle Cookies 60g,20845.88
2024-11,Parle Cream Biscuit 150g,10928.30
2024-11,Parle Cream Biscuit 250g,4540.32
2024-11,Parle Cream Biscuit 60g,3840.33
2024-11,Parle Glucose Biscuit 150g,17222.40
2024-11,Parle Marie Gold 100g,8093.32
2024-11,Parle Marie Gold 60g,32677.49
2024-11,Parle Namkeen Mix 60g,11742.68
2024-11,Patanjali Bathing Soap 100g,39471.16
2024-11,Patanjali Body Lotion 100g,39653.43
2024-11,Patanjali Body Lotion 180ml,13844.48
2024-11,Patanjali Body Lotion 75g,39296.04
2024-11,Patanjali Face Wash 180ml,134584.83
2024-11,Patanjali Face Wash 340ml,34598.85
2024-11,Patanjali Hair Oil 100g,111530.22
2024-11,Patanjali Hair Oil 340ml,58542.50
2024-11,Patanjali Hair Oil 75g,39075.12
2024-11,Patanjali Toothpaste 75g,25028.85
2024-11,Perfetti Candy Pack 25g,26811.71
2024-11,Perfetti Candy Pack 50g,23948.41
2024-11,Perfetti Candy Pack Pack of 10,42413.16
2024-11,Perfetti Chewing Gum 100g,31992.00
2024-11,Perfetti Chewing Gum 25g,4460.54
2024-11,Perfetti Dark Chocolate 100g,14137.11
2024-11,Perfetti Dark Chocolate 25g,44535.26
2024-11,Perfetti Dark Chocolate 50g,27844.56
2024-11,Perfetti Dark Chocolate Pack of 10,18547.58
2024-11,Perfetti Milk Chocolate 100g,5001.75
2024-11,Perfetti Milk Chocolate 25g,29958.75
2024-11,Perfetti Milk Chocolate 50g,35923.57
2024-11,Perfetti Milk Chocolate Pack of 10,30996.00
2024-11,Real Cola 1L,22547.37
2024-11,Real Cola 250g,45190.95
2024-11,Real Instant Coffee 2L,37494.03
2024-11,Real Instant Coffee 500g,71790.07
2024-11,Real Instant Coffee 600ml,63182.50
2024-11,Real Mango Juice 1L,45979.42
2024-11,Real Mango Juice 2L,99921.06
2024-11,Real Mango Juice 500g,44321.54
2024-11,Real Mineral Water 1L,56514.42
2024-11,Real Mineral Water 600ml,55441.10
2024-11,Real Soda 600ml,25767.60
2024-11,Real Tea Leaf 1L,15322.71
2024-11,Real Tea Leaf 2L,18770.89
2024-11,Real Tea Leaf 600ml,28725.18
2024-11,Safal Apple 1kg,115546.49
2024-11,Safal Apple 500g,34190.10
2024-11,Safal Banana 1kg,11649.88
2024-11,Safal Banana 500g,31191.10
2024-11,Safal Banana Loose,91529.20
2024-11,Safal Carrot 500g,16324.41
2024-11,Safal Carrot Loose,40769.14
2024-11,Safal Onion 500g,30510.15
2024-11,Safal Onion Loose,27242.57
2024-11,Safal Potato 1kg,14964.07
2024-11,Safal Potato 500g,2096.65
2024-11,Safal Tomato Loose,20051.28
2024-11,Saffola Groundnut Oil 1L,139590.44
2024-11,Saffola Mustard Oil 1L,109532.25
2024-11,Saffola Mustard Oil 2L,353946.21
2024-11,Saffola Rice Bran Oil 2L,85524.42
2024-11,Saffola Rice Bran Oil 5L,358657.54
2024-11,Saffola Sunflower Oil 2L,153862.94
2024-11,Saffola Sunflower Oil 5L,222295.15
2024-11,Sumeru French Fries 1kg,22899.45
2024-11,Sumeru French Fries 400g,131236.99
2024-11,Sumeru Frozen Peas 1kg,117179.57
2024-11,Sumeru Frozen Peas 200g,109699.45
2024-11,Sumeru Frozen Peas 400g,44781.36
2024-11,Sumeru Idli Batter 400g,102300.70
2024-11,Sumeru Ready Paratha 1kg,130285.17
2024-11,Sumeru Ready Paratha 200g,17351.36
2024-11,Sumeru Ready Paratha 400g,38900.08
2024-11,Sundrop Groundnut Oil 1L,373592.85
2024-11,Sundrop Groundnut Oil 2L,387692.96
2024-11,Sundrop Mustard Oil 1L,146286.27
2024-11,Sundrop Mustard Oil 2L,157532.25
2024-11,Sundrop Mustard Oil 5L,109047.26
2024-11,Sundrop Rice Bran Oil 1L,126323.77
2024-11,Sundrop Rice Bran Oil 2L,159065.39
2024-11,Sundrop Rice Bran Oil 5L,496907.39
2024-11,Sundrop Sunflower Oil 1L,206019.18
2024-11,Sundrop Sunflower Oil 2L,99352.46
2024-11,Sundrop Sunflower Oil 5L,29906.40
2024-11,Sunfeast Cookies 150g,7912.90
2024-11,Sunfeast Cookies 400g,12104.33
2024-11,Sunfeast Cookies 60g,9334.42
2024-11,Sunfeast Cream Biscuit 150g,23371.68
2024-11,Sunfeast Glucose Biscuit 150g,5126.45
2024-11,Sunfeast Glucose Biscuit 250g,13577.41
2024-11,Sunfeast Khakhra 150g,13813.79
2024-11,Sunfeast Khakhra 250g,11666.12
2024-11,Sunfeast Khakhra 400g,15404.16
2024-11,Sunfeast Marie Gold 100g,29725.97
2024-11,Sunfeast Marie Gold 150g,8446.08
2024-11,Sunfeast Marie Gold 400g,6547.23
2024-11,Sunfeast Marie Gold 60g,4301.70
2024-11,Sunfeast Namkeen Mix 250g,14089.38
2024-11,Sunfeast Namkeen Mix 400g,8902.58
2024-11,Sunfeast Namkeen Mix 60g,10407.00
2024-11,Surf Excel Fabric Conditioner 500g,95301.19
2024-11,Surf Excel Fabric Conditioner 500ml,129311.79
2024-11,Surf Excel Floor Cleaner 1kg,5804.40
2024-11,Surf Excel Floor Cleaner 200g,69405.30
2024-11,Surf Excel Floor Cleaner 500g,42193.76
2024-11,Surf Excel Floor Cleaner 500ml,49944.62
2024-11,Surf Excel Toilet Cleaner 1kg,59436.52
2024-11,Surf Excel Toilet Cleaner 500g,61120.80
2024-11,Tata Tea Cola 1L,19698.00
2024-11,Tata Tea Cola 2L,16199.05
2024-11,Tata Tea Instant Coffee 2L,76722.87
2024-11,Tata Tea Mango Juice 2L,41552.19
2024-11,Tata Tea Mineral Water 2L,24249.42
2024-11,Tata Tea Soda 1L,47847.12
2024-11,Tata Tea Soda 500g,38590.02
2024-11,Tata Tea Tea Leaf 600ml,13994.51
2024-11,Thums Up Cola 250g,60396.10
2024-11,Thums Up Cola 600ml,65000.56
2024-11,Thums Up Instant Coffee 500g,31506.16
2024-11,Thums Up Instant Coffee 600ml,23002.80
2024-11,Thums Up Mango Juice 250g,11665.74
2024-11,Thums Up Mineral Water 1L,63968.92
2024-11,Thums Up Mineral Water 2L,56256.25
2024-11,Thums Up Mineral Water 600ml,31547.60
2024-11,Thums Up Soda 1L,36569.26
2024-11,Thums Up Tea Leaf 250g,35588.38
2024-11,Thums Up Tea Leaf 500g,40800.20
2024-11,Unibic Cookies 100g,6069.00
2024-11,Unibic Cookies 60g,16614.00
2024-11,Unibic Cream Biscuit 150g,8548.10
2024-11,Unibic Cream Biscuit 60g,2399.94
2024-11,Unibic Glucose Biscuit 150g,5633.70
2024-11,Unibic Glucose Biscuit 400g,5576.53
2024-11,Unibic Khakhra 150g,9840.93
2024-11,Unibic Khakhra 60g,17212.24
2024-11,Unibic Marie Gold 250g,10959.93
2024-11,Unibic Marie Gold 400g,2578.40
2024-11,Unibic Marie Gold 60g,16354.00
2024-11,Unibic Namkeen Mix 150g,15596.70
2024-11,Vim Detergent Powder 500g,88798.85
2024-11,Vim Detergent Powder 500ml,28331.84
2024-11,Vim Dishwash Bar 1kg,24964.66
2024-11,Vim Dishwash Bar 500g,37194.30
2024-11,Vim Dishwash Bar 500ml,28880.26
2024-11,Vim Fabric Conditioner 200g,23713.86
2024-11,Vim Fabric Conditioner 500ml,54547.65
2024-11,Vim Toilet Cleaner 1kg,42976.00
2024-11,Vim Toilet Cleaner 500ml,60537.96
2024-11,iD Fresh French Fries 1kg,57435.29
2024-11,iD Fresh French Fries 200g,141025.60
2024-11,iD Fresh French Fries 400g,53566.61
2024-11,iD Fresh Frozen Peas 1kg,83817.25
2024-11,iD Fresh Frozen Peas 200g,10246.50
2024-11,iD Fresh Frozen Peas 400g,31310.40
2024-11,iD Fresh Idli Batter 200g,25735.84
2024-11,iD Fresh Idli Batter 400g,50172.42
2024-11,iD Fresh Ready Paratha 1kg,44606.45
2024-11,iD Fresh Ready Paratha 200g,86501.18
2024-11,iD Fresh Ready Paratha 400g,48577.88
